GID,materiau,age_at_freeze,diametre,longueur,y_proba
410002351,FTG,74.84736481861738,300.0,14.832,0.4131838636229344
410959188,FT,2.702258726899384,100.0,3.821,0.45516901447725294
410009793,FT,36.84873374401095,100.0,30.033,0.37886239295482776
410009795,ACIE,74.84736481861738,100.0,34.121,0.23380315623611317
410960285,FT,53.84804928131417,100.0,11.157,0.338989197721987
410022260,FTG,65.84804928131418,100.0,48.602,0.345684015849821
410022248,FTG,65.84804928131418,100.0,84.741,0.3200813011648896
410968313,FT,35.84941820670773,150.0,12.471,0.4447043365165802
410036255,POLY,49.84804928131417,51.0,23.447,0.1615253643781404
410036748,FT,36.84873374401095,100.0,38.416,0.35317845122199565
410036749,FT,36.84873374401095,100.0,104.254,0.03228022475099231
410037711,FT,38.847364818617386,150.0,28.957,0.25376208737588346
410041127,FT,59.84941820670773,150.0,127.557,0.3449708623313049
410952095,FTG,64.84873374401096,150.0,191.663,0.3150462910380503
410040842,FT,51.84941820670773,100.0,34.196,0.39703445107906093
410039843,FT,52.84873374401095,150.0,91.163,0.45995270350847206
410051184,FT,34.847364818617386,200.0,12.394,0.2857019891018365
410051655,FTG,74.84736481861738,60.0,191.729,0.3989616114115114
410052783,FTG,74.84736481861738,80.0,220.614,0.20628224653841984
410068327,FT,27.849418206707735,80.0,5.117,0.3820722628408634
410068329,FT,24.84873374401095,80.0,19.877,0.1896781152361771
410072066,FT,53.84804928131417,150.0,73.641,0.47774332205888986
410085604,FTG,63.84941820670773,100.0,106.106,0.489042392349552
410086734,FTG,123.8466803559206,100.0,10.344,0.3237714455698457
410086861,FTG,123.8466803559206,100.0,21.56,0.2631592390408968
410086862,FTG,123.8466803559206,100.0,4.053,0.47838115201955167
410952225,FTVI,2.9897330595482545,150.0,5.091,0.49475834163681515
410094419,FT,43.84941820670773,150.0,7.384,0.2660566182677414
410094422,FT,43.84941820670773,150.0,99.137,0.3001507418458295
410094423,FT,43.84941820670773,150.0,14.967,0.2909432743503986
410094424,FT,43.84941820670773,150.0,71.943,0.32694722105944685
410094573,FT,43.84941820670773,150.0,23.199,0.29266356794025583
410098278,FT,31.849418206707735,150.0,19.586,0.355594570964607
410098279,FT,43.84941820670773,150.0,49.329,0.28623698638448125
410098975,FTG,48.84873374401095,100.0,26.215,0.4623301632952586
410098979,FTG,48.84873374401095,200.0,109.437,0.44727650221822784
410104875,POLY,48.84873374401095,51.0,6.447,0.4977629689331327
410104880,FT,48.84873374401095,100.0,8.342,0.3962789949433031
410106210,FT,52.84873374401095,125.0,107.33,0.4073808290392708
410108661,FT,53.84804928131417,80.0,26.843,0.4576411014653516
410108676,FT,53.84804928131417,80.0,73.793,0.4188566421869003
410108677,FT,53.84804928131417,80.0,32.877,0.4502489771689715
410113982,FTG,73.84804928131418,100.0,10.79,0.43465735373745473
410958740,FT,26.847364818617386,100.0,150.0,0.2955187777161133
410122811,FTG,58.847364818617386,150.0,80.319,0.49933048357399373
410122813,FTG,58.847364818617386,150.0,87.302,0.4930805164026348
410127547,FT,21.848049281314168,100.0,7.793,0.22337228252219885
410139982,FTG,53.84804928131417,150.0,7.778,0.23622812068564186
410140704,FT,20.84873374401095,200.0,4.561,0.39842621301543674
410140705,FT,20.84873374401095,100.0,4.762,0.2968173142988669
410503384,FT,18.847364818617386,100.0,15.6,0.06732497750725268
410503385,FT,18.847364818617386,100.0,15.6,0.06732497750725268
410509679,FT,53.84804928131417,150.0,103.496,0.3918180821587864
410514583,FT,16.84873374401095,100.0,5.803,0.3927781969021344
410514584,FT,16.84873374401095,100.0,2.947,0.4754419674789106
410518929,FT,43.84941820670773,150.0,42.754,0.32103316949600263
410521712,FTG,74.84736481861738,100.0,63.99,0.40104951010173295
410523799,FT,17.848049281314168,150.0,4.146,0.36353155290586575
410529130,PEHD,20.84873374401095,63.0,34.687,0.023675628895802305
410528999,PEHD,20.84873374401095,63.0,30.979,0.029983702215357778
410531913,PVC,53.84804928131417,110.0,167.177,0.2698046412062143
410531710,FTG,53.84804928131417,125.0,39.675,0.35867505777715114
410802468,FT,11.849418206707734,150.0,9.324,0.18946620743209555
410802619,FT,36.84873374401095,100.0,7.671,0.3871127297403442
410806956,FT,9.848049281314168,150.0,6.42,0.3109433444668508
410806958,FT,9.848049281314168,150.0,10.061,0.4238777210556401
417003255,FTG,53.84804928131417,100.0,104.243,0.3342748014132338
417003256,FTG,53.84804928131417,100.0,9.565,0.2920274138880714
417003257,FT,32.9719370294319,100.0,72.317,0.3569230173088231
413505184,FTG,73.84804928131418,100.0,20.87,0.36213701971235834
410958624,FT,38.847364818617386,150.0,175.012,0.42954759862990993
413505512,FT,15.849418206707734,150.0,17.031,0.08571021603106611
414000062,FTG,48.84873374401095,100.0,54.217,0.3379316941424341
414000063,FTG,48.84873374401095,100.0,39.33,0.2979836211864356
414502563,FT,15.849418206707734,150.0,126.936,0.06738964804637922
416500926,FT,43.84941820670773,150.0,22.506,0.29266356794025583
417000143,FTG,53.84804928131417,150.0,40.541,0.2979044243339143
416502449,FT,43.84941820670773,150.0,151.676,0.4475913920098126
417001686,FT,10.847364818617386,100.0,4.101,0.463482173604633
410812889,FTG,123.8466803559206,100.0,26.174,0.25741752565424875
410812852,FTG,74.84736481861738,100.0,321.063,0.052395966462542
410961501,FT,7.526351813826146,80.0,2.641,0.166943111861715
410961502,FT,7.526351813826146,80.0,4.098,0.4884503875231428
410823053,FT,45.84804928131417,100.0,6.718,0.44855469322860314
410819273,FT,6.537987679671458,300.0,2.588,0.15826632078269245
410051704,FTG,74.84736481861738,100.0,71.141,0.4718396926713985
410959473,FTG,118.84736481861738,100.0,58.149,0.4825077036132626
410959031,FT,53.84804928131417,200.0,107.202,0.30471833026350664
410832013,FTG,58.75975359342916,100.0,105.331,0.44774568011817867
410952556,FTVI,17.848049281314168,400.0,2.072,0.00795083360340862
410842709,FT,5.4428473648186175,150.0,0.971,0.3896179076875734
410842710,FT,5.4428473648186175,150.0,0.887,0.3493476117119699
410961125,FT,39.84941820670773,100.0,6.098,0.39039939362638826
410839565,BTM,51.84941820670773,600.0,7.407,0.02678666076890482
410963259,FTG,64.84873374401096,250.0,114.325,0.1573858754890315
410951325,FTG,73.84804928131418,100.0,114.886,0.41234390155168404
410847982,PEHD,6.72416153319644,63.0,0.974,0.05069467756792936
410847983,PEHD,6.72416153319644,63.0,0.487,0.08522863919846747
410859507,FT,8.56125941136208,100.0,2.419,0.24685832411787084
410855595,POLY,123.8466803559206,63.0,10.93,0.008187099434504262
410858793,FT,2.702258726899384,100.0,12.139,0.016434463550469316
410912643,FTG,73.84804928131418,60.0,8.822,0.4809565949010673
410959178,FTVI,2.1820670773442847,200.0,1.105,0.39576149513044273
410917151,FT,53.84804928131417,80.0,96.505,0.16206436126069557
410916790,FT,53.84804928131417,80.0,7.113,0.4076053299213384
410916787,FT,53.84804928131417,80.0,10.957,0.34807204067610337
410928392,FT,12.848733744010952,100.0,4.838,0.16084832499964727
410927607,FT,58.847364818617386,100.0,116.715,0.45382191757502055
410914319,FT,25.848049281314168,125.0,32.654,0.24892153266264647
410957055,FTG,123.8466803559206,100.0,5.237,0.3434207964022118
410962450,FT,7.011635865845311,100.0,0.621,0.48177835028781507
410956900,FTG,53.84804928131417,100.0,9.736,0.2920274138880714
410951985,FT,38.847364818617386,150.0,20.928,0.2554967922059549
410950863,FT,34.847364818617386,200.0,8.712,0.08939948866418579
410957052,FTG,123.8466803559206,100.0,55.33,0.25785205406673917
410954354,FT,24.84873374401095,100.0,11.632,0.325662705162759
410957903,FT,13.848049281314168,100.0,5.942,0.1939298623594459
410952390,FTG,123.8466803559206,80.0,30.165,0.25073365750750387
410960497,FT,12.848733744010952,150.0,2.451,0.4645899180368034
410952391,FTG,123.8466803559206,80.0,4.749,0.2767204104055977
410952392,FTG,123.8466803559206,80.0,6.762,0.3066579798876528
410952394,FTG,123.8466803559206,80.0,8.797,0.3462322633934993
410952395,FTG,123.8466803559206,80.0,54.852,0.18579124002753847
410961536,FT,9.352498288843258,100.0,1.793,0.483505311451623
410964785,FT,17.848049281314168,100.0,11.503,0.21310560600679268
410959561,FT,43.84941820670773,150.0,287.898,0.022722128789225762
410959982,FT,34.847364818617386,100.0,4.357,0.4421597031274301
410959909,FT,48.84873374401095,100.0,5.398,0.4671338735926987
410946935,FT,6.584531143052704,300.0,6.998,0.02497863668536468
410955476,FT,24.84873374401095,80.0,29.871,0.35928290809773117
410955483,FT,24.84873374401095,80.0,24.281,0.1896781152361771
410955485,FT,24.84873374401095,80.0,28.848,0.28789166161479623
410942352,FTG,53.84804928131417,150.0,68.156,0.16959736842060544
410955504,FT,44.84873374401095,150.0,14.406,0.38836590772137736
410962177,PVC,53.84804928131417,110.0,108.041,0.23982784420587003
410959281,FTG,48.84873374401095,60.0,26.388,0.36037024780845256
410956276,FT,13.848049281314168,150.0,16.396,0.32186455232593864
410962139,POLY,31.849418206707735,50.0,30.5,0.22895771500226922
410962150,FT,18.847364818617386,60.0,4.048,0.42238514516566683
410952834,FT,38.847364818617386,150.0,10.776,0.27959121264305314
410934491,FT,15.31006160164271,100.0,6.657,0.498107537743847
410960790,FT,13.848049281314168,150.0,2.158,0.35857592675240224
410960791,FT,13.848049281314168,150.0,2.923,0.42638039183679216
410959012,FT,6.078028747433265,100.0,1.802,0.11535341200218807
410961059,FTG,74.84736481861738,100.0,122.024,0.29068773161129274
410961072,FT,16.84873374401095,250.0,177.973,0.07089594358641715
410945774,FTG,74.84736481861738,40.0,6.379,0.45996405287822895
410962253,FT,24.84873374401095,80.0,41.843,0.35066043235794436
410962260,FT,24.84873374401095,80.0,5.265,0.3871346212718639
410945775,FTG,74.84736481861738,40.0,70.489,0.3836692470702704
410944433,FT,53.84804928131417,100.0,6.011,0.48723258949903275
410955178,FT,45.84804928131417,100.0,50.828,0.23630405837347856
410955179,FT,45.84804928131417,100.0,49.644,0.2184717615274109
410955180,FT,45.84804928131417,100.0,49.955,0.28288920953410507
410958605,FT,46.847364818617386,150.0,81.793,0.36811153705547855
410962275,FT,47.84941820670773,100.0,159.902,0.38048163911346566
410959098,FTG,123.8466803559206,100.0,4.262,0.4776824970390111
410952445,FT,21.848049281314168,100.0,3.426,0.44572665640560993
410963754,FT,23.849418206707735,150.0,3.23,0.4754462498420947
410963755,FT,23.849418206707735,150.0,38.29,0.3229959103679677
410959480,FT,28.84873374401095,100.0,4.66,0.3569764171240867
410960966,PEHD,13.015742642026009,110.0,1.663,0.43461019077889307
410959259,FTG,48.84873374401095,60.0,24.785,0.3800509047615744
410947381,FT,14.847364818617386,250.0,1.274,0.12422143542554172
410944845,FT,52.84873374401095,60.0,107.438,0.14631676897633575
410959163,FT,30.847364818617386,80.0,7.401,0.2822880158205526
410960094,FT,12.848733744010952,100.0,3.903,0.3229723022763377
410960845,FT,60.84873374401095,200.0,64.911,0.2937832562335344
410960918,FT,10.932238193018481,200.0,1.077,0.26936743030766114
410960919,FT,10.932238193018481,200.0,2.275,0.49215248137672135
410962336,FT,13.848049281314168,100.0,17.636,0.02589763525070886
410960021,FT,15.849418206707734,200.0,2.557,0.3513659460804712
410963594,FT,2.926762491444216,100.0,2.612,0.4218059049665539
410950083,PEHD,1.0157426420260096,75.0,13.051,0.0011558189437011856
410952746,PVC,123.8466803559206,110.0,4.561,0.1302405057628761
410952751,FT,25.848049281314168,100.0,59.133,0.3422561951872769
410962042,FT,37.84804928131417,100.0,8.531,0.2978478030060164
410960615,FT,25.848049281314168,100.0,4.923,0.2298470041638284
410963829,FT,16.84873374401095,100.0,23.172,0.31343426946998454
410963833,FT,16.84873374401095,100.0,9.708,0.33711417861604054
410958623,FT,31.849418206707735,150.0,76.903,0.420587895975342
410963847,FT,53.84804928131417,150.0,100.76,0.2855618665736362
410933274,FTG,58.847364818617386,100.0,87.296,0.3219562295209921
410963993,FT,34.847364818617386,300.0,4.669,0.13194022361047755
410964272,FT,53.84804928131417,60.0,18.791,0.49596104027554927
410951591,FT,19.849418206707735,100.0,3.622,0.44572665640560993
410961047,FTG,123.8466803559206,100.0,9.047,0.3250681249038625
410956924,FTG,53.84804928131417,100.0,176.8,0.22490932260554913
410939118,FTTT,1.431895961670089,150.0,2.433,0.13212287985128393
410952585,FTG,63.84941820670773,100.0,67.081,0.4795574386770812
410964302,PEHD,15.849418206707734,90.0,10.702,0.4956693061537348
410964304,FTG,53.84804928131417,150.0,24.526,0.22035493376285298
410964305,FTG,53.84804928131417,150.0,10.304,0.34426851739232894
410964307,FTG,53.84804928131417,150.0,53.766,0.2132456503981573
410964308,FTG,53.84804928131417,150.0,10.11,0.34426851739232894
410968632,FT,36.84873374401095,150.0,53.332,0.3800825039500879
410952147,FT,8.903490759753593,100.0,6.438,0.3991396737828265
410961355,FT,30.847364818617386,150.0,9.245,0.27160063157632436
410961496,FT,43.84941820670773,80.0,5.444,0.4973366524015481
410965887,FTG,74.84736481861738,200.0,10.636,0.47767892318037647
410966916,FTG,74.84736481861738,250.0,4.455,0.3207201437700517
410964479,FT,9.848049281314168,150.0,54.087,0.051034673606633676
410964480,FT,9.848049281314168,150.0,1.217,0.28696768619366986
410965605,FT,20.84873374401095,100.0,9.948,0.29647526357768783
410965608,FT,19.849418206707735,100.0,32.0,0.22423560224965933
410965609,FT,19.849418206707735,100.0,32.0,0.22423560224965933
410965632,FT,48.84873374401095,100.0,8.779,0.3962789949433031
410968753,FT,24.84873374401095,100.0,8.576,0.14794687353504676
410967054,FT,4.9253935660506505,150.0,0.702,0.0736754364963632
410968300,FT,43.84941820670773,150.0,38.562,0.2812357648530018
410968401,FT,10.932238193018481,100.0,3.15,0.4823189175328117
410968402,FT,10.932238193018481,100.0,1.779,0.4419798130567604
410968405,FT,38.847364818617386,150.0,9.42,0.2635013847565047
410968409,FT,36.84873374401095,80.0,8.207,0.4497803470753899
410965028,FT,44.84873374401095,150.0,8.543,0.39145292381335567
410966254,POLY,52.84873374401095,50.0,67.265,0.4066033875241709
